title,link,Search Phrase,Search Engine
www.aljazeera.com › news › 2025/1/22Why has US President Trump removed sanctions on Israeli ...,https://www.aljazeera.com/news/2025/1/22/why-has-us-president-trump-removed-sanctions-on-israeli-settlers,Trump and Israel,Yahoo
www.bbc.com › news › articlesIsrael has changed since Donald Trump's last term – has he?,https://www.bbc.com/news/articles/cgkjxlml42vo,Trump and Israel,Yahoo
www.ft.com › content › d4ff1e47-5ed0-4d5c-95a1-746beDonald Trump signals strong pro-Israel stance by lifting West ...,https://www.ft.com/content/d4ff1e47-5ed0-4d5c-95a1-746be5779f36,Trump and Israel,Yahoo
"www.middleeasteye.net › news › donald-trump-middleWhere does Donald Trump stand on Israel, Palestine and the ...",https://www.middleeasteye.net/news/donald-trump-middle-east-foreign-policy,Trump and Israel,Yahoo
www.nbcnews.com › politics › donald-trumpTrump breaks silence on Israel's military campaign in Gaza ...,https://www.nbcnews.com/politics/donald-trump/trump-israel-gaza-finish-problem-rcna141905,Trump and Israel,Yahoo
theweek.com › politics › trump-israel-protectorWhat is Donald Trump's policy on Israel and Gaza? | The Week,https://theweek.com/politics/trump-israel-protector,Trump and Israel,Yahoo
www.cnn.com › 2024/11/06 › middleeastHere’s what’s at stake in the Middle East under Trump’s ...,https://www.cnn.com/2024/11/06/middleeast/trump-middle-east-iran-israel-saudi-gulf-mime-intl/index.html,Trump and Israel,Yahoo
Donald Trump signals strong pro-Israel stance by lifting West …,https://www.ft.com/content/d4ff1e47-5ed0-4d5c-95a1-746be5779f36,Trump and Israel,Bing
Israel has changed since Donald Trump's last term – has he?,https://www.bbc.co.uk/news/articles/cgkjxlml42vo,Trump and Israel,Bing
Where does Donald Trump stand on …,https://www.middleeasteye.net/news/donald-trump-middle-east-foreign-policy,Trump and Israel,Bing
Trump breaks silence on Israel's military …,https://www.nbcnews.com/politics/donald-trump/trump-israel-gaza-finish-problem-rcna141905,Trump and Israel,Bing
Here’s what’s at stake in the Middle East under Trump’s second …,https://www.cnn.com/2024/11/06/middleeast/trump-middle-east-iran-israel-saudi-gulf-mime-intl/index.html,Trump and Israel,Bing
Trump promises to bring lasting peace to a tumultuous Middle …,https://apnews.com/article/trump-mideast-netanyahu-israel-gaza-iran-wars-2e37305522d19bdc34e956586cce99bd,Trump and Israel,Bing
Trump Has History of Strong Support for Israel,https://www.nytimes.com/2024/11/06/world/middleeast/trump-israel-support.html,Trump and Israel,Bing
Where Do Trump and Harris Stand on Israel-Gaza Conflict?,https://www.nytimes.com/2024/09/11/world/middleeast/trump-harris-israel-gaza.html,Trump and Israel,Bing
Gaza ceasefire traps Netanyahu between Trump and far ...,https://www.reuters.com/world/middle-east/gaza-ceasefire-traps-netanyahu-between-trump-far-right-allies-2025-01-23/,Trump and Israel,Google
What's Trump's role in the Gaza ceasefire deal?,https://www.npr.org/2025/01/22/nx-s1-5262295/what-impact-will-trump-have-on-the-ceasefire-agreement-between-israel-and-hamas,Trump and Israel,Google
Trump 'not confident' Gaza hostage-ceasefire deal will hold ...,https://www.timesofisrael.com/trump-not-confident-gaza-hostage-ceasefire-deal-will-hold-through-all-3-phases/,Trump and Israel,Google
"Trump Halts Sanctions on Israeli Settlers, Threatens to ...",https://theintercept.com/2025/01/22/trump-israel-settlers-west-bank-sanctions/,Trump and Israel,Google
Trump says he's 'not confident' Gaza ceasefire will hold,https://www.cnn.com/2025/01/21/world/trump-not-confident-gaza-ceasefire-intl/index.html,Trump and Israel,Google
"New Israeli ""large scale"" offensive in West Bank underway ...",https://www.cbsnews.com/news/israel-west-bank-offensive-deaths-palestinians-trump-sanctions-settlers/,Trump and Israel,Google
Israel has changed since Donald Trump's last term – has he?,https://www.bbc.com/news/articles/cgkjxlml42vo,Trump and Israel,Google
